DEM.tif,dis-gthc.tif,dis-railway.tif,dis-wator.tif,dis-zf.tif,dis_cityway11.tif,dis_cityway2.tif,dis_cityway3.tif,dis_cityway4.tif,dis_mainway.tif,gdp2015.tif,rainfall20002020.tif,rk2015.tif,slope1.tif,solid.tif,temprature2000-20201.tif,wind2000-20201.tif,Type
0.252076,0.408051,0.371752,0.0374421,0.813727,0.652343,0.717716,0.21176,0.029522,0.00451785,0.0019315,0.67154,0.00488195,0.0117583,0.5,0.270634,0.508491,0
0.23191,0.246662,0.21202,0.171688,0.639739,0.519129,0.444333,0.179117,0.00367527,0.132294,0.00199588,0.716993,0.00515031,0.0148727,0.428571,0.265474,0.457753,0
0.272835,0.0641535,0.00351932,0.196676,0.644387,0.56838,0.0228454,0.0763971,0.0225179,0.00456372,0.00199588,0.828514,0.0159466,0.0166278,0.428571,0.242349,0.379439,0
0.213523,0.232381,0.208519,0.117471,0.595929,0.482553,0.420941,0.126696,0.0583876,0.0187168,0.00206026,0.709362,0.0051665,0.0682307,0.428571,0.269425,0.459026,0
0.257414,0.104667,0.0672436,0.0972462,0.636134,0.580734,0.185665,0.00105648,0.0403044,0.149673,0.006889,0.847351,0.0158462,0.0189579,0.00357143,0.239418,0.381422,0
0.23191,0.0358825,0.0189751,0.256699,0.556718,0.490581,0.0611831,0.0183778,0.0330365,0.0510648,0.00199588,0.819399,0.00507661,0.0864583,0.00357143,0.246114,0.380357,0
0.242586,0.0593547,0.0440991,0.0359494,0.579016,0.530966,0.114378,0.0118965,0.0348964,0.100983,0.006889,0.84506,0.00497911,0.115754,0.00357143,0.241495,0.375877,0
0.216489,0.0325118,0.0308834,0.112512,0.553816,0.505379,0.0618996,0.00359823,0.0423264,0.0503997,0.0019315,0.83371,0.00500456,0.0157747,0.428571,0.243569,0.386894,0
0.217675,0.146122,0.121441,0.0855697,0.512536,0.419892,0.252426,0.100241,0.00709153,0.00709949,0.00714654,0.73803,0.0161479,0.170862,0.428571,0.265732,0.43067,0
0.25089,0.123592,0.0574968,0.312248,0.513103,0.433079,0.203192,0.0673382,0.0680394,0.111134,0.00251095,0.775515,0.00529209,0.045199,0.00357143,0.25377,0.402576,0
0.237248,0.0773196,0.0146234,0.339094,0.507877,0.445872,0.136695,0.0209171,0.0168668,0.0567445,0.00199588,0.794969,0.016058,0.118295,0.428571,0.249564,0.384153,0
0.192171,0.0621734,0.0030794,0.295173,0.506899,0.451196,0.106437,0.00868626,0.00929777,0.017438,0.00695339,0.802899,0.0161813,0.033244,0.428571,0.247554,0.377201,0
0.298932,0.097193,0.0272676,0.365457,0.499121,0.433552,0.17547,0.0430804,0.0352784,0.074502,0.00251095,0.794969,0.01613,0.0779782,0.00357143,0.249564,0.384153,0
0.188019,0.132439,0.114977,0.123963,0.485455,0.39816,0.229211,0.0716303,0.0144875,0.00144318,0.00206026,0.740692,0.0161502,0.0148727,0.428571,0.266744,0.42662,0
0.215896,0.084128,0.0105258,0.349391,0.495776,0.4364,0.149425,0.0245321,0.0229249,0.0422335,0.00701777,0.794969,0.0160425,0.227127,0.00357143,0.249564,0.384153,0
0.17675,0.102632,0.0661665,0.214107,0.487217,0.402308,0.163127,0.057798,0.0103952,0.00182549,0.00708215,0.76005,0.0162401,0.00743685,0.428571,0.26018,0.412326,0
0.446026,0.105121,0.030303,0.314178,0.482993,0.414427,0.169564,0.0688851,0.0406356,0.0709039,0.00206026,0.78672,0.00525143,0.0283098,0.00357143,0.251846,0.391142,0
0.18624,0.083134,0.00598348,0.332931,0.481375,0.429661,0.146871,0.0226096,0.0118874,0.0057727,0.00701777,0.805404,0.0160659,0.0157747,0.428571,0.248103,0.373024,0
0.202254,0.147267,0.140251,0.177861,0.46167,0.37689,0.265046,0.00343964,0.00652693,0.00645408,0.00206026,0.722726,0.00520087,0.0262862,0.428571,0.275204,0.437608,0
0.221827,0.0801122,0.0136657,0.317623,0.478187,0.430112,0.140958,0.0167577,0.00501447,0.00673826,0.00199588,0.805404,0.0160127,0.045199,0.428571,0.248103,0.373024,0
0.182088,0.10433,0.00236901,0.31128,0.458565,0.40582,0.175556,0.0657141,0.000455861,0.00580867,0.00701777,0.797508,0.00521806,0.0117583,0.00357143,0.250133,0.380066,0
0.326216,0.315814,0.3035,0.493949,0.498312,0.393932,0.595639,0.139459,0.061987,0,0.006889,0.623676,0.00493054,0.0235125,0.428571,0.250896,0.494906,0
0.291815,0.0670408,0.0294595,0.216252,0.396905,0.35768,0.11323,0.0745081,0.0561005,0.0310467,0.00341231,0.794257,0.00625554,0.0527883,0.00357143,0.25387,0.403648,0
0.221827,0.0405459,0.0375,0.143382,0.365056,0.326286,0.0744446,0.0297994,0.0517538,0.0187613,0.00212465,0.796649,0.0053063,0.0517348,0.00357143,0.254675,0.40217,0
0.272835,0.193655,0.180937,0.42407,0.370219,0.297156,0.365515,0.0781578,0.012974,0.00595037,0.00206026,0.697079,0.00511891,0.133078,0.00357143,0.269851,0.452785,0
0.225979,0.051108,0.0104936,0.0468795,0.309011,0.262201,0.0971938,0.020513,0.006479,0,0.00257533,0.774905,0.00628661,0.122001,0.00357143,0.250302,0.420686,0
0.16548,0.0502463,0.00785096,0.0572554,0.310395,0.264421,0.0948225,0.0055099,0.0355571,0.0502631,0.00708215,0.784029,0.00532051,0.109999,0.00357143,0.247139,0.414125,0
0.233689,0.187901,0.160569,0.460189,0.342461,0.365073,0.363863,0.123422,0.0122744,0.0964275,0.00289724,0.837987,0.00705309,0.0216782,0.00357143,0.24814,0.368353,0
0.228351,0.163531,0.163582,0.402805,0.299376,0.240511,0.306387,0.0163805,0.0430058,0.00322704,0.00199588,0.687743,0.00508652,0.0268065,0.5,0.259005,0.466191,0
0.256821,0.0262438,0.00665711,0.0970973,0.281468,0.240742,0.049915,0.0314894,0.0252869,0.0227363,0.0072753,0.777142,0.00628198,0.225615,0.428571,0.25255,0.421316,0
0.212337,0.0161304,0.00849046,0.121663,0.268002,0.230092,0.0294526,0.01881,0.0152151,0.0164547,0.00914242,0.777142,0.00671794,0.272487,0.428571,0.25255,0.421316,0
0.220047,0.185983,0.185373,0.469909,0.292626,0.231564,0.349914,0.00534539,0.0504937,0.0204096,0.00199588,0.675194,0.0189305,0.0262862,0.00357143,0.261742,0.473402,0
0.234282,0.228641,0.202505,0.518306,0.337727,0.374082,0.444295,0.124883,0.0393337,0.0355912,0.00199588,0.846163,0.00503794,0.100725,0.00357143,0.249142,0.361425,0
0.227165,0.241574,0.217823,0.518336,0.325623,0.369275,0.431515,0.120496,0.039204,0.000912744,0.00695339,0.853776,0.00500754,0.0400227,0.00357143,0.240415,0.354824,0
0.198695,0.151516,0.122374,0.378596,0.253305,0.290431,0.29391,0.0355139,0.0309885,0.0464738,0.00701777,0.828297,0.00616102,0.0568054,0.00428571,0.240194,0.382156,0
0.241993,0.244825,0.216218,0.516425,0.31811,0.364912,0.416042,0.116321,0.0399132,0.0145037,0.00199588,0.853776,0.00500754,0.0527883,0.00357143,0.240415,0.354824,0
0.199288,0.0686287,0.032567,0.256102,0.212609,0.219762,0.133125,0.0414483,0.0593267,0.0671224,0.00701777,0.799114,0.0161003,0.140426,0.00357143,0.25044,0.410914,0
0.191578,0.16371,0.161047,0.456898,0.229623,0.182199,0.307229,0.0583362,0.00697333,0.00547647,0.00695339,0.692441,0.0159658,0.00743685,0.5,0.267117,0.469979,0
0.179122,0.16966,0.133769,0.435053,0.238336,0.289102,0.328149,0.00298816,0.0295291,0.00595037,0.00836982,0.830137,0.0121136,0.0189579,0.428571,0.242092,0.383509,0
0.140569,0.0493173,0.000439914,0.251646,0.205973,0.194649,0.0956652,0.0251477,0.024315,0.0401867,0.00701777,0.790419,0.0160864,0.0148727,0.00357143,0.253808,0.417709,0
0.176157,0.100702,0.0572987,0.320911,0.196095,0.227152,0.187381,0.0171136,0.0120351,0.0116353,0.00701777,0.809314,0.0160682,0.13176,0.00357143,0.249651,0.406441,0
0.185647,0.155765,0.151845,0.438666,0.208656,0.16642,0.292195,0.084288,0.0295853,0.00841509,0.006889,0.706983,0.00495532,0.0319742,0.5,0.268391,0.465516,0
0.26809,0.335347,0.323618,0.256954,0.402753,0.447731,0.343178,0.00369011,0.00193405,0.187085,0.00186711,0.873682,0.00479404,0.0763818,0.428571,0.261663,0.327722,0
0.164887,0.0819228,0.0728965,0.318701,0.173946,0.153095,0.151368,0.0176529,0.0867394,0.00258163,0.006889,0.754035,0.0158961,0.0706018,0.00357143,0.258275,0.443552,0
0.358837,0.364631,0.361509,0.891378,0.414937,0.330381,0.57413,0.276069,0.132257,0.00266108,0.0015452,0.507659,0.00405342,0.0157747,0.00357143,0.285162,0.525005,0
0.196916,0.0516766,0.0402131,0.233758,0.129903,0.165219,0.0898444,0.0328188,0.0324655,0.0406607,0.00708215,0.804527,0.0159704,0.101665,0.00428571,0.257923,0.420207,0
0.283511,0.28896,0.28559,0.768345,0.322313,0.257915,0.479063,0.250362,0.0452659,0,0.00656709,0.619379,0.0151597,0.166089,0.5,0.29604,0.503691,0
0.196323,0.0126845,0.0118205,0.177975,0.128354,0.120502,0.0251836,0.0134384,0.0175373,0.0302172,0.006889,0.777562,0.0189867,0.0525269,0.00357143,0.271261,0.436022,0
0.227758,0.190212,0.164547,0.443147,0.194453,0.278999,0.238018,0.0122842,0.0250765,0.11797,0.0019315,0.841629,0.0049768,0.2121,0.00357143,0.248092,0.384335,0
0.223606,0.191454,0.165999,0.444681,0.194949,0.27979,0.236012,0.0118401,0.0230514,0.119818,0.0019315,0.841629,0.0049768,0.17919,0.00357143,0.248092,0.384335,0
0.18624,0.143845,0.121149,0.348714,0.151618,0.236698,0.199596,0.0163122,0.0223372,0.0363382,0.00244656,0.835001,0.0159539,0.112675,0.428571,0.248282,0.391635,0
0.290629,0.07871,0.0677197,0.168047,0.0767879,0.157821,0.108098,0.0376615,0.0336998,0.104733,0.0019315,0.814279,0.00496061,0.105339,0.00357143,0.256946,0.417527,0
0.164887,0.0494132,0.0369947,0.163015,0.0581671,0.0589305,0.0881845,0.0341292,0.0432467,0.0325595,0.0023178,0.761019,0.0057347,0.100725,0.00357143,0.276815,0.460975,0
0.183274,0.0937784,0.081155,0.16738,0.0641361,0.16272,0.0882661,0.0173275,0.0160331,0.0883242,0.006889,0.815688,0.00491864,0.125808,0.00357143,0.259762,0.422583,0
0.157177,0.0248374,0.0136444,0.118703,0.0279117,0.0394112,0.0449963,0.00380918,0.0249227,0.0093082,0.00714654,0.762474,0.0156287,0.105981,0.00357143,0.282375,0.466983,0
0.167853,0.0208051,0.0210516,0.143776,0.0231969,0.0293495,0.0326684,0.00601356,0.0152832,0.0383135,0.00682462,0.762474,0.0156492,0.104822,0.00357143,0.282375,0.466983,0
0.1121,0.100591,0.0772053,0.0590547,0.026442,0.121745,0.0349828,0.0042784,0.0617367,0.0057727,0.00682462,0.808858,0.0156703,0.0117583,0.00357143,0.267512,0.435584,1
0.156584,0.788117,0.786872,0.320197,0.147748,0.793886,0.283929,0.597301,0.592611,0.00258163,0.000836982,0.0992058,0.00951319,0.0410433,0.428571,0.347046,0.701187,0
0.267497,0.146916,0.138673,0.453975,0.137846,0.108759,0.175474,0.0448474,0.10973,0.0333183,0.00160958,0.678704,0.00422362,0.151397,0.00357143,0.303762,0.510416,0
0.23013,0.215116,0.204222,0.613392,0.220308,0.171695,0.294531,0.122636,0.0309885,0.00144318,0.00148081,0.653795,0.00400517,0.0793697,0.5,0.31456,0.502946,0
0.163108,0.0456236,0.0351725,0.222495,0.0125128,0.016021,0.00989463,0.0414187,0.035735,0.0102048,0.00985063,0.753459,0.0223137,0.127085,0.00357143,0.292774,0.481065,0
0.163108,0.671833,0.669962,0.0724644,0.233364,0.680839,0.252479,0.394531,0.467392,0.080054,0.00173835,0.178194,0.0104658,0.0517348,0.428571,0.354998,0.677525,0
0.19395,0.772788,0.771451,0.303616,0.181361,0.778919,0.238053,0.598148,0.61665,0.0151911,0.000836982,0.100666,0.00730686,0.147114,0.00357143,0.351804,0.702576,0
0.155397,0.0651008,0.0525583,0.266653,0.0311047,0.0199179,0.0043263,0.0217388,0.0366961,0.00232705,0.00695339,0.744036,0.0461449,0.0763818,0.00357143,0.303511,0.495666,0
0.163108,0.13251,0.111319,0.0600138,0.0269732,0.136927,0.041829,0.00574785,0.0609491,0.00774489,0.00180273,0.811047,0.00469986,0.061455,0.428571,0.269168,0.449193,0
0.190391,0.0310674,0.0112027,0.158879,0.018413,0.0158735,0.0212792,0.00403679,0.0296029,0.00968112,0.00682462,0.764994,0.0156244,0.117493,0.428571,0.294912,0.48096,0
0.16726,0.0927785,0.0806742,0.331451,0.065382,0.0457355,0.0423422,0.0119527,0.0611211,0.00584442,0.00263971,0.733058,0.0044487,0.236067,0.428571,0.307277,0.50287,0
0.19395,0.0430785,0.0160554,0.186507,0.0238983,0.022388,0.0299555,0.0153825,0.0474292,0.0246018,0.00218903,0.764994,0.00547097,0.159593,0.643,0.294912,0.48096,0
0.311388,0.155537,0.137096,0.0884208,0.051996,0.157856,0.0325193,0.0444223,0.0678988,0.0580042,0.00225341,0.819074,0.00566661,0.0786771,0.00357143,0.270104,0.441806,0
0.183274,0.0629341,0.0392548,0.249824,0.0302533,0.0159871,0.0276563,0.015734,0.0109786,0.0147176,0.00212465,0.754685,0.00561806,0.05871,0.643,0.299386,0.488363,0
0.132266,0.1408,0.118608,0.0583151,0.0247566,0.14014,0.0271042,0.0225849,0.0228113,0.0322704,0.00676024,0.811906,0.00458716,0.122001,0.00357143,0.274758,0.456984,0
0.188019,0.0951324,0.0269248,0.236369,0.0718369,0.0484408,0.0439399,0.0562716,0.0348994,0.00752668,0.00160958,0.746161,0.00417438,0.116104,0.00357143,0.318253,0.512071,0
0.182681,0.602977,0.600687,0.107342,0.321647,0.613886,0.222647,0.353014,0.513242,0.0991998,0.0011589,0.195869,0.00851197,0.0475751,0.00357143,0.364549,0.675754,0
0.104389,0.141373,0.110896,0.0450183,0.0142983,0.137263,0.00539955,0.0505565,0.0181545,0,0.00495751,0.812598,0.011524,0.033244,0.643,0.28117,0.465417,0
0.289442,0.0497027,0.0169153,0.127325,0.249568,0.400485,0.155571,0.0298592,0.048332,0.041114,0.00341231,0.913426,0.00632702,0.0741988,0.428571,0.274075,0.192626,0
0.282325,0.0677752,0.0494635,0.180453,0.19789,0.465781,0.187094,0.0541386,0.000455861,0.00608877,0.00341231,0.904341,0.00637773,0.0517348,0.00357143,0.298312,0.227531,0
0.102017,0.137887,0.100816,0.0319057,0.032424,0.130727,0.0480447,0.0790509,0.0127966,0.0429087,0.00669585,0.804804,0.0153501,0.170399,0.428571,0.295326,0.475928,0
0.272242,0.327952,0.246831,0.73139,0.355492,0.27286,0.449894,0.29194,0.0209746,0.00258163,0.00122328,0.603735,0.00333825,0.0117583,0.428571,0.376148,0.554908,0
0.295967,0.577485,0.575043,0.158489,0.353842,0.589091,0.238634,0.340683,0.529862,0.151224,0.00122328,0.212038,0.0101678,0.11098,0.00357143,0.368753,0.671916,0
0.279359,0.0445253,0.000983679,0.135757,0.240198,0.399684,0.190573,0.0131784,0.0519941,0.00456372,0.00341231,0.913426,0.0063077,0.195068,0.428571,0.274075,0.192626,0
0.177936,0.145656,0.0167225,0.174945,0.135948,0.0990865,0.0765612,0.0796627,0.00608194,0.0235552,0.0019315,0.747748,0.0148884,0.175118,0.643,0.335058,0.530871,0
0.237841,0.248097,0.18353,0.542819,0.284596,0.214731,0.370799,0.188308,0.0813938,0.0083903,0.00128766,0.594841,0.017361,0.0268065,0.00357143,0.325563,0.576668,0
0.330368,0.0427509,0.0259699,0.100764,0.158951,0.478857,0.120815,0.0504305,0.010874,0.0584442,0.00276848,0.904631,0.00514271,0.240494,0.00357143,0.305137,0.230867,0
0.255635,0.283096,0.201393,0.643366,0.342897,0.260862,0.359575,0.263507,0.0217909,0.00985172,0.00122328,0.619065,0.0141577,0.0336566,0.00357143,0.381257,0.554671,0
0.246738,0.097817,0.0860845,0.239034,0.111702,0.499184,0.0705802,0.00359823,0.00493089,0.000645408,0.0104301,0.894815,0.0196385,0.114698,0.00357143,0.337924,0.283382,0
0.244365,0.206761,0.19918,0.362442,0.23187,0.394668,0.0773749,0.0417114,0.0425321,0.00376334,0.249356,0.875384,0.1163,0.00525871,0.428571,0.35318,0.362022,0
0.20344,0.136983,0.0384025,0.193802,0.181276,0.134501,0.0903717,0.0956329,0.0185955,0.0219249,0.00637394,0.737588,0.00377978,0.191576,0.00357143,0.34736,0.548012,0
0.101423,0.146277,0.0735914,0.0519362,0.1279,0.157926,0.138391,0.00302529,0.0434672,0.00432953,0.0464847,0.787849,0.0151776,0.0540761,0.428571,0.32677,0.511871,0
0.0984579,0.154181,0.0890498,0.080898,0.122049,0.169693,0.151796,0.0238539,0.0233203,0.00580867,0.00160958,0.796811,0.0339927,0.0484358,0.428571,0.32098,0.504103,0
0.0925267,0.157599,0.0948345,0.0936597,0.120508,0.173526,0.145975,0.0334087,0.014139,0.0141696,0.0011589,0.796811,0.00426295,0.0283098,0.428571,0.32098,0.504103,1
0.288849,0.0612019,0.0439914,0.0199342,0.214122,0.410188,0.211582,0.0732253,0.0373277,0.0139623,0.00328354,0.91879,0.00611248,0.208808,0.00357143,0.280861,0.176352,0
0.250297,0.292267,0.260821,0.274882,0.220698,0.315869,0.190056,0.0472565,0.11912,0.0678446,0.114473,0.866046,0.11653,0.0268065,0.428571,0.33784,0.427797,0
0.0788849,0.108784,0.0200366,0.00868583,0.183148,0.154744,0.0393093,0.0271619,0.0277289,0.0347563,0.0436518,0.769118,0.0759379,0.210584,0.428571,0.34697,0.537786,0
0.202847,0.29583,0.270227,0.340525,0.158718,0.283183,0.267847,0.0337577,0.151357,0.00232705,0.114409,0.857368,0.11656,0.0166278,0.00357143,0.319999,0.446709,0
0.113879,0.612588,0.610386,0.0607286,0.40126,0.620376,0.112888,0.541929,0.719048,0.00204096,0.00785475,0.152383,0.0321762,0.0157747,0.428571,0.371333,0.698549,0
0.290036,0.0380434,0.0391561,0.11847,0.153755,0.457799,0.121338,0.00974022,0.0335793,0.0345037,0.00328354,0.911327,0.00610403,0.0995022,0.428571,0.30012,0.213269,0
0.293001,0.0778135,0.0768957,0.230754,0.0641316,0.436529,0.0295441,0.0291595,0.0132514,0.0145037,0.00328354,0.889868,0.00612617,0.136951,0.428571,0.369017,0.320988,0
0.175563,0.243942,0.232857,0.443489,0.0963249,0.246411,0.167032,0.0385056,0.133782,0.00491528,0.114151,0.851747,0.256891,0.0745671,0.428571,0.325887,0.466686,0
0.106762,0.577365,0.574976,0.0416806,0.440418,0.585701,0.179845,0.529205,0.733061,0.00777174,0.0015452,0.168726,0.00987517,0.0774498,0.428571,0.375736,0.695843,0
0.247924,0.0288084,0.0130277,0.140956,0.0290535,0.479337,0.0405577,0.0629113,0.0154859,0.0314731,0.0105588,0.89669,0.0216505,0.107758,0.642857,0.351584,0.28323,0
0.150652,0.0888786,0.0330668,0.0901427,0.197028,0.197774,0.125234,0.0243906,0.0291537,0.00258163,0.0183492,0.778833,0.0318178,0.129704,0.00357143,0.354117,0.541939,0
0.290036,0.0634224,0.0527897,0.142079,0.133522,0.47768,0.116355,0.040459,0,0.0257193,0.00321916,0.908126,0.00602352,0.300975,0.00357143,0.325524,0.235557,0
0.233096,0.0358691,0.0025079,0.118383,0.0427029,0.500642,0.0640712,0.0275495,0.000911722,0.0118481,0.00785475,0.898946,0.00613784,0.207821,0.00357143,0.353778,0.276523,0
0.332147,0.120177,0.120971,0.199805,0.211495,0.441997,0.123795,0.0682356,0.0817822,0.0238888,0.00321916,0.920036,0.00594946,0.119318,0.5,0.299146,0.196051,0
0.120403,0.0398391,0.018924,0.0546747,0.193112,0.160016,0.0548585,0.0264752,0.0190209,0.0136912,0.0179629,0.769146,0.0310778,0.0117583,0.00357143,0.382136,0.57369,0
0.099051,0.243372,0.152594,0.510302,0.276427,0.238729,0.218745,0.346993,0.301814,0.00266108,0.00270409,0.514243,0.0139545,0.0475751,0.428571,0.418244,0.640704,0
0.14828,0.22527,0.0790635,0.47978,0.277078,0.217448,0.132112,0.178071,0.19947,0.0942295,0.0159027,0.62342,0.0275124,0.278833,0.428571,0.419499,0.638412,0
0.0996441,0.53147,0.52888,0.0102167,0.507821,0.539679,0.288628,0.543716,0.752978,0.0184817,0.00160958,0.185806,0.032454,0.0484358,0.428571,0.383174,0.696003,0
0.294187,0.130567,0.13034,0.235195,0.208567,0.454253,0.0957066,0.0500774,0.0803519,0.000912744,0.00315478,0.920036,0.0143829,0.194802,0.5,0.299146,0.196051,0
0.199881,0.0290827,0.00544144,0.0638114,0.0196071,0.427883,0.0129233,0.030656,0.00613298,0.0127784,0.00328354,0.893259,0.0195734,0.285127,0.642857,0.380274,0.310622,0
0.240214,0.016827,0.01343,0.046107,0.0456349,0.406614,0.0478533,0.00738022,0.0165246,0.0307705,0.0102369,0.890071,0.00603239,0.232681,0.642857,0.398644,0.332429,0
0.259193,0.0949628,0.0893384,0.261297,0.180096,0.309007,0.176481,0.00467722,0.0433931,0.00516326,0.00309039,0.879008,0.00578725,0.08956,0.428571,0.421171,0.397597,0
0.0860024,0.237474,0.0949645,0.47951,0.247673,0.224806,0.157194,0.284096,0.302983,0.000912744,0.00212465,0.552666,0.01188,0.233277,0.00357143,0.426232,0.640253,0
0.116251,0.173292,0.0482153,0.375923,0.213988,0.167684,0.0681122,0.104141,0.250315,0.00516326,0.0410765,0.65107,0.0276874,0.044893,0.00357143,0.426985,0.640106,0
0.190985,0.00695033,0.00433265,0.0222958,0.0623227,0.395514,0.0553029,0.00528238,0.00851618,0.0057727,0.0102369,0.889142,0.014279,0.0157747,0.642857,0.411006,0.341268,0
0.392052,0.155219,0.137367,0.354332,0.0745524,0.153442,0.10506,0.0580081,0.0537993,0.0788349,0.110417,0.830508,0.11305,0.168612,0.00357143,0.398074,0.542688,0
0.271649,0.0278323,0.0134588,0.0523327,0.0507698,0.421194,0.0149024,0.0243861,0.030307,0.0219534,0.00315478,0.891696,0.00584924,0.122001,0.00357143,0.402785,0.327048,0
0.268683,0.143963,0.13407,0.328555,0.060988,0.150093,0.0866341,0.0431373,0.0380118,0.0561505,0.124131,0.830508,0.112431,0.19823,0.00357143,0.398074,0.542688,0
0.189798,0.0152807,0.00535179,0.038711,0.0731217,0.387326,0.0701941,0.0180839,0.00448971,0.0170393,0.0101725,0.889142,0.0190891,0.0189579,0.428571,0.411006,0.341268,0
0.0628707,0.236789,0.0706963,0.42764,0.238149,0.220656,0.107661,0.259314,0.305646,0.00779849,0.00907803,0.546858,0.0364328,0.0189579,0.428571,0.433134,0.649628,0
0.188612,0.0333355,0.00389765,0.0814423,0.0939233,0.369851,0.105838,0.0336384,0.0120351,0.00721588,0.0101082,0.88673,0.0142412,0.033244,0.428571,0.418277,0.355236,0
0.236062,0.177652,0.152017,0.372432,0.177529,0.188876,0.0689838,0.0198437,0.0364004,0.0738929,0.0273629,0.855334,0.0163545,0.0469924,0.428571,0.417751,0.49535,0
0.0699881,0.127336,0.0239198,0.272479,0.156909,0.122675,0.0093907,0.0390096,0.249129,0.0176162,0.0412053,0.682354,0.0282405,0.100047,0.00428571,0.435783,0.647214,0
0.163108,0.115127,0.108648,0.256079,0.0225835,0.133498,0.0260478,0.00898936,0.0128452,0.0247369,0.121813,0.822902,0.253231,0.171707,0.00357143,0.419794,0.564773,0
0.110913,0.0647856,0.0518763,0.0446899,0.0872373,0.0709865,0.0815424,0.153843,0.125548,0.00288635,0.0169972,0.706225,0.0733384,0.0189579,0.00357143,0.407501,0.632907,0
0.302491,0.136402,0.106385,0.298791,0.0493558,0.123367,0.0572253,0.0393174,0.0446138,0.0717768,0.109001,0.829054,0.111115,0.061231,0.00357143,0.419928,0.556257,0
0.104982,0.29641,0.29236,0.213356,0.387805,0.31423,0.0125989,0.475196,0.521706,0.0451832,0.00573011,0.290196,0.024681,0.033244,0.00357143,0.411133,0.663649,0
0.1121,0.0735769,0.0129495,0.163,0.0956419,0.0736346,0.0457617,0.0706655,0.1992,0.0187613,0.0164821,0.705839,0.0283032,0.104822,0.00357143,0.444992,0.649739,0
0.180902,0.151602,0.102855,0.424341,0.168154,0.14961,0.062605,0.239453,0.280911,0.000645408,0.00257533,0.485534,0.0134026,0.144829,0.00357143,0.434311,0.674781,0
0.292408,0.132216,0.124925,0.173013,0.16156,0.502991,0.0496547,0.0245548,0.0232668,0.0308853,0.00302601,0.907202,0.00562584,0.0371636,0.5,0.359747,0.259461,0
0.149466,0.101036,0.0869924,0.210365,0.0239622,0.114341,0.00848457,0.0169629,0.0290108,0.0139623,0.146343,0.816305,0.149741,0.0495601,0.428571,0.420749,0.566966,0
0.164887,0.0417994,0.0322985,0.0687127,0.0597382,0.0481861,0.0372162,0.14554,0.156153,0.0249131,0.0419135,0.692451,0.0732102,0.0594083,0.00357143,0.405635,0.638772,0
0.0646501,0.152433,0.0112372,0.309542,0.179227,0.140424,0.0253119,0.0609487,0.320563,0.00322704,0.0159027,0.670588,0.0269674,0.033244,0.428571,0.454996,0.680171,0
0.285291,0.130325,0.0864765,0.294683,0.0590608,0.104079,0.0343442,0.0222262,0.0455062,0.0517052,0.108614,0.827463,0.110449,0.194536,0.00357143,0.441995,0.570198,0
0.180308,0.0282688,0.00128256,0.103818,0.170017,0.311937,0.101392,0.0334087,0.0109596,0.0200804,0.00302601,0.881863,0.00557874,0.0829091,0.428571,0.45317,0.389366,0
0.205813,0.119963,0.0804959,0.273239,0.0546165,0.098528,0.0155987,0.0190693,0.0498141,0.0330736,0.120976,0.821415,0.110501,0.124192,0.00357143,0.441062,0.578771,0
0.198695,0.186259,0.0141663,0.271115,0.218101,0.171163,0.0730462,0.117205,0.338624,0.0210723,0.0023178,0.625218,0.0124625,0.063218,0.00357143,0.45347,0.687525,0
0.111507,0.057434,0.036924,0.0953466,0.0676172,0.115205,0.0616987,0.0589699,0.0876166,0.0171853,0.0427505,0.800664,0.0308467,0.0672177,0.428571,0.44261,0.598102,0
0.311981,0.12895,0.115023,0.319178,0.134992,0.142184,0.0612596,0.070171,0.0357814,0.0290075,0.0303245,0.851541,0.0184765,0.11552,0.00357143,0.460179,0.521652,0
0.229537,0.0574181,0.0467056,0.161076,0.13741,0.362883,0.150524,0.0381796,0.0595714,0.0673269,0.00302601,0.886873,0.00558519,0.0495601,0.428571,0.436857,0.360123,0
0.0658363,0.238047,0.00649526,0.232755,0.23996,0.21747,0.0385512,0.199484,0.35518,0.00635653,0.00218903,0.597662,0.0121385,0.133078,0.00357143,0.451332,0.69423,0
0.0948992,0.112313,0.102494,0.271622,0.14556,0.125072,0.122274,0.275716,0.245895,0.137375,0.00180273,0.454661,0.0107956,0.0315395,0.428571,0.436493,0.690364,0
0.116251,0.117417,0.113109,0.197872,0.161469,0.138735,0.0689942,0.329881,0.262683,0.152427,0.00173835,0.423499,0.010479,0.14316,0.00357143,0.437636,0.696692,0
0.188019,0.122721,0.0650426,0.273222,0.0302797,0.0842774,0.00768311,0.0133049,0.0115325,0.0219439,0.267577,0.831261,0.151876,0.145381,0.428571,0.466714,0.575449,0
0.069395,0.129742,0.124902,0.159008,0.181802,0.15337,0.00299975,0.372816,0.282153,0.105849,0.0023178,0.407353,0.0348478,0.0306516,0.00357143,0.435358,0.700214,0
0.0948992,0.454861,0.452184,0.0929286,0.567476,0.45999,0.218066,0.641581,0.741401,0.00658189,0.00791913,0.176115,0.00793177,0.0853454,0.428571,0.402221,0.703046,0
0.0581257,0.00557573,0.00155533,0.027467,0.0376428,0.0391313,0.00516097,0.218463,0.178899,0.030341,0.0497682,0.71857,0.0869158,0.0166278,0.00357143,0.435192,0.65483,0
0.0948992,0.512552,0.510278,0.0849241,0.63691,0.51512,0.318759,0.695105,0.824541,0.0783739,0.000836982,0.125961,0.00724504,0.0423657,0.00357143,0.395189,0.714926,0
0.213523,0.105351,0.051326,0.262142,0.032978,0.070148,0.0339489,0.0183474,0.0263494,0.0135536,0.244721,0.825744,0.125449,0.0751162,0.428571,0.46423,0.584472,0
0.110913,0.134071,0.0554571,0.353409,0.116856,0.12103,0.0197983,0.155298,0.230347,0.0485431,0.0019315,0.518223,0.0110034,0.0634349,0.00357143,0.450485,0.686069,0
0.205813,0.0733079,0.0154722,0.0245357,0.267409,0.202196,0.0801803,0.019714,0.00776303,0.0641264,0.0262683,0.868597,0.0155957,0.0262862,0.428571,0.492355,0.469142,0
0.0978648,0.116384,0.0505471,0.362081,0.10572,0.106993,0.0096739,0.163942,0.212424,0.0541835,0.00186711,0.502744,0.0132127,0.0297371,0.00428571,0.448469,0.689328,0
0.0865955,0.480492,0.478048,0.0797108,0.597195,0.483819,0.25676,0.679068,0.777083,0.0277825,0.000901365,0.142691,0.00749976,0.042039,0.428571,0.397521,0.711041,0
0.190985,0.129636,0.0632965,0.20659,0.180002,0.135828,0.0581209,0.0807205,0.0161879,0.0630818,0.0626449,0.873586,0.0416724,0.27177,0.00357143,0.489444,0.517362,0
0.144128,0.106314,0.0482002,0.231496,0.0128229,0.068382,0.00662666,0.0340244,0.00911722,0.0143304,0.161666,0.831261,0.165692,0.110368,0.428571,0.466714,0.575449,0
0.104389,0.125323,0.0473649,0.34922,0.105716,0.112046,0.0160983,0.147685,0.216731,0.0602169,0.00186711,0.518223,0.0110294,0.0580032,0.00428571,0.450485,0.686069,0
0.103203,0.124224,0.0471448,0.351163,0.105033,0.11118,0.014311,0.148362,0.215659,0.0600264,0.00186711,0.518223,0.0110294,0.042039,0.00428571,0.450485,0.686069,0
0.262159,0.103615,0.0269894,0.0586685,0.232815,0.175327,0.0994,0.00601356,0.0172987,0.108446,0.0261396,0.866127,0.0178406,0.361807,0.00357143,0.493402,0.481804,0
0.240807,0.0593547,0.0432382,0.176338,0.0628064,0.0782192,0.0455962,0.0605057,0.103517,0.0548938,0.0197656,0.813425,0.0342548,0.150339,0.00357143,0.46159,0.595829,0
0.300119,0.0706967,0.0398165,0.22218,0.0386178,0.0663494,0.00419965,0.0429948,0.0719408,0.0664488,0.0199588,0.811798,0.0345607,0.0638664,0.00357143,0.482367,0.610736,0
0.240807,0.0690289,0.00128256,0.0257182,0.26253,0.198004,0.056796,0.0221205,0.0101934,0.0418521,0.0260108,0.866717,0.0153925,0.108884,0.00357143,0.511494,0.481886,0
0.147687,0.0759969,0.0654904,0.247871,0.0980912,0.0874692,0.0480896,0.230736,0.189029,0.15106,0.00180273,0.456341,0.0106541,0.136068,0.00428571,0.447717,0.707334,0
0.0806643,0.428508,0.425789,0.0791709,0.532895,0.433116,0.157514,0.658185,0.700238,0.00376334,0.00791913,0.1774,0.0324987,0.0367905,0.428571,0.405267,0.706758,0
0.325623,0.0679824,0.0328407,0.210376,0.0313168,0.0596477,0,0.0517996,0.0705392,0.0782223,0.0200876,0.811798,0.0344779,0.033244,0.00357143,0.482367,0.610736,0
0.110913,0.110739,0.0326427,0.335907,0.0859806,0.0964792,0.014708,0.135077,0.192774,0.0887594,0.00186711,0.503402,0.0114302,0.0872444,0.00428571,0.454805,0.69879,0
0.302491,0.0494209,0.0301734,0.183971,0.0555111,0.0656275,0.0370077,0.0726699,0.103985,0.0820912,0.0197013,0.811798,0.034172,0.0984026,0.00357143,0.482367,0.610736,0
0.321471,0.0623531,0.0289292,0.197735,0.033364,0.0588137,0.00899925,0.0594675,0.0778575,0.0893488,0.0200876,0.811798,0.0344779,0.129704,0.00357143,0.482367,0.610736,0
0.220641,0.092029,0.00793067,0.0536636,0.22716,0.170298,0.0998299,0.00425223,0.0186067,0.0982738,0.0291656,0.864222,0.0177556,0.193264,0.428571,0.513223,0.494829,0
0.205813,0.0258397,0.0189751,0.0371372,0.239851,0.270201,0.0496366,0.0363925,0.021657,0.0727023,0.0260108,0.876249,0.015394,0.0148727,0.00357143,0.491567,0.426076,0
0.0883749,0.422399,0.419723,0.0488391,0.523926,0.426311,0.139376,0.673745,0.689584,0,0.00103013,0.194081,0.00791761,0.154784,0.428571,0.407735,0.702836,0
0.132859,0.0866646,0.0196736,0.17172,0.00732758,0.0408949,0.00134153,0.0713446,0.0266279,0.00204096,0.271311,0.829329,0.260124,0.0319742,0.428571,0.48957,0.589945,0
0.088968,0.0857341,0.0805236,0.0940369,0.129477,0.110813,0.0323973,0.322028,0.216822,0.0566784,0.00167396,0.424407,0.0102422,0.0423657,0.00357143,0.442837,0.703873,0
0.0800712,0.0618857,0.0578993,0.182405,0.0907398,0.082935,0.0529488,0.255788,0.178843,0.0926717,0.00869173,0.440423,0.0105945,0.119318,0.00428571,0.44529,0.700541,0
0.0735469,0.0738591,0.0325537,0.272875,0.076767,0.0702717,0.0455725,0.172016,0.161231,0.138018,0.00875612,0.487841,0.0353684,0.0634349,0.00428571,0.45248,0.701692,0
0.305457,0.0648321,0.0642041,0.165798,0.088239,0.0768428,0.0467884,0.128848,0.0349232,0.0598422,0.0298738,0.83898,0.0181527,0.109999,0.00357143,0.496972,0.570488,0
0.26038,0.0288549,0.0171087,0.146942,0.0606939,0.0543502,0.00858998,0.104912,0.132913,0.107155,0.0423642,0.805106,0.0339609,0.0802269,0.00357143,0.480979,0.619382,0
0.305457,0.0640348,0.0633942,0.16437,0.088074,0.0764852,0.0493274,0.128019,0.0346724,0.0612049,0.0626449,0.836772,0.0181527,0.0756612,0.00357143,0.520329,0.585036,0
0.0901542,0.0169007,0.0159617,0.0987123,0.0164204,0.0174405,0.0139157,0.217267,0.244345,0.0717768,0.0186711,0.736221,0.033599,0.11098,0.00357143,0.494153,0.689566,0
0.0948992,0.0591448,0.0552973,0.186858,0.0866851,0.0797087,0.0464913,0.250718,0.174225,0.0935574,0.00173835,0.457112,0.0105945,0.12332,0.00428571,0.453346,0.705004,0
0.169039,0.10294,0.0433823,0.260699,0.128029,0.0952618,0.0376585,0.105218,0.0118348,0.11237,0.062838,0.86408,0.0418048,0.171937,0.00357143,0.530986,0.556548,0
0.213523,0.0442668,0.0111984,0.14981,0.0445197,0.0484492,0.0169798,0.0906417,0.102236,0.117217,0.0428148,0.810059,0.0747505,0.207883,0.00357143,0.503281,0.625908,0
0.215896,0.0577106,0.0463614,0.14176,0.0685533,0.063449,0.0241848,0.110998,0.0340464,0.039707,0.242853,0.836772,0.0182047,0.0978479,0.00428571,0.520329,0.585036,0
0.0557533,0.0224759,0.00248853,0.0689042,0.00431571,0.00942094,0.0011999,0.192613,0.271212,0.0679366,0,0.726106,0,0.0262862,0.00357143,0.492798,0.702874,1
0.0699881,0.066923,0.0206057,0.248693,0.0621719,0.0597538,0.0367197,0.160131,0.144335,0.156154,0.00186711,0.488502,0.0108887,0.0889486,0.00428571,0.458579,0.711019,0
0.0919336,0.0790641,0.0119062,0.26104,0.0534981,0.0649171,0.00536612,0.135657,0.147216,0.128516,0.0019315,0.504004,0.0109446,0.446783,0.00428571,0.461159,0.708419,0
0.147687,0.0703141,0.000933199,0.151785,0.0108431,0.0196435,0.0084207,0.056337,0.0678146,0.0249131,0.14454,0.821958,0.147849,0.00743685,0.00357143,0.509049,0.613871,0
0.160142,0.0318624,0.00870986,0.100402,0.0280547,0.0281345,0.00933303,0.0988276,0.0992437,0.118946,0.0428792,0.810059,0.0748841,0.141186,0.00357143,0.503281,0.625908,0
0.213523,0.0672752,0.00695566,0.112418,0.173494,0.127447,0.0549241,0.00658075,0.00923048,0.1209,0.062001,0.857323,0.0483385,0.130941,0.428571,0.556274,0.534703,0
0.218861,0.0670915,0.00793067,0.110396,0.175034,0.128632,0.0579348,0.00896449,0.0110164,0.120029,0.062001,0.857323,0.0412272,0.196985,0.428571,0.556274,0.534703,0
0.0776987,0.0404928,0.0216454,0.0393793,0.0271077,0.0277769,0.0093907,0.209207,0.298221,0.105772,0,0.725405,0,0.0814115,0.00357143,0.505564,0.718104,0
0.141756,0.0566331,0.0158033,0.128649,0.00595857,0.00842742,0.0023998,0.0359202,0.055129,0.0179326,0.651494,0.819909,0.454412,0.0423657,0.00357143,0.531563,0.628917,0
0.0800712,0.0400223,0.0175966,0.194759,0.0390077,0.039196,0.0243109,0.179601,0.115988,0.10782,0.00875612,0.473538,0.0354683,0.201848,0.428571,0.461833,0.710081,0
0.0735469,0.0274551,0.0228629,0.168305,0.0541644,0.0528334,0.0457892,0.23735,0.13066,0.0469864,0.00309039,0.457839,0.0151748,0.128035,0.00428571,0.458974,0.713004,0
0.206406,0.0679226,0.00286789,0.152263,0.133273,0.0962017,0.0197346,0.0434775,0.0381673,0.113958,0.0620654,0.872271,0.0411831,0.177647,0.00357143,0.556721,0.547273,0
0.0670225,0.234818,0.0108205,0.0341508,0.200884,0.164411,0.0613154,0.139548,0.308666,0.145172,0.00199588,0.598754,0.0360246,0.0859832,0.00357143,0.484055,0.745195,0
0.07414,0.0248989,0.0226246,0.185123,0.0422662,0.0448214,0.0233441,0.217065,0.120577,0.0690948,0.0019315,0.457839,0.01106,0.128454,0.00428571,0.458974,0.713004,0
0.154211,0.0440023,0.0125202,0.0912282,0.0353421,0.0338222,0.0244217,0.0702457,0.0701759,0.0173181,0.25367,0.829989,0.26135,0.10286,0.428571,0.539748,0.609975,0
0.131673,0.0648719,0.0246116,0.180705,0.0788808,0.0573842,0.00059995,0.0924811,0.00291893,0.126055,0.0623873,0.85595,0.041466,0.0469924,0.642857,0.551284,0.582134,0
0.1293,0.0607225,0.0242632,0.171062,0.0747201,0.0545123,0.00379442,0.0893281,0.000644685,0.121982,0.0623873,0.85595,0.041466,0.00525871,0.642857,0.551284,0.582134,0
0.122183,0.0620031,0.059231,0.115038,0.0680259,0.0583016,0.0125989,0.283736,0.288318,0.16729,0.0409477,0.745054,0.0716192,0.136068,0.00357143,0.509569,0.698875,0
0.145314,0.071723,0.00189214,0.17919,0.110771,0.0786943,0.00169691,0.0579504,0.0527323,0.111299,0.0621298,0.867127,0.0412879,0.0730824,0.642857,0.555937,0.55937,0
0.123962,0.0412754,0.0218545,0.125469,0.0607047,0.0466259,0.00247366,0.0851627,0.00277289,0.106651,0.0471285,0.849829,0.0424123,0.0283098,0.642857,0.547815,0.5928,0
0.07414,0.0157857,0.0129905,0.165935,0.0372367,0.0397267,0.0348178,0.221012,0.111051,0.0506594,0.0133917,0.457839,0.0518162,0.182661,0.00428571,0.458974,0.713004,0
0.128707,0.0127146,0.00964306,0.04531,0.0200765,0.0197056,0.00899925,0.122424,0.113165,0.0684802,0.122006,0.801745,0.304964,0.174517,0.00357143,0.521022,0.649969,0
0.123369,0.0328557,0.0187571,0.105849,0.0549353,0.043281,0.00384155,0.0838884,0.00796127,0.0951993,0.0748133,0.849829,0.0502651,0.0484358,0.642857,0.547815,0.5928,0
0.154804,0.0160858,0.015012,0.0544901,0.0358693,0.0350737,0.0326408,0.0568714,0.0453415,0.0529274,0.0642544,0.834462,0.044264,0.122001,0.00357143,0.543893,0.599807,0
0.14828,0.0159665,0.0145804,0.0610045,0.0418041,0.039472,0.0309658,0.0612118,0.0370483,0.0649846,0.0662503,0.834462,0.044264,0.111831,0.00357143,0.543893,0.599807,0
0.0978648,0.0105792,0.00902093,0.0442484,0.00460918,0.00680604,0.000848457,0.103038,0.0932779,0.08344,0.122006,0.801745,0.26964,0.0367905,0.642857,0.521022,0.649969,0
0.113879,0.174845,0.171105,0.152254,0.216361,0.183714,0.0555756,0.486644,0.321984,0.143561,0.00141643,0.346301,0.0091823,0.0904692,0.00357143,0.443226,0.683726,0
0.131079,0.0328557,0.00923296,0.0401846,0.00629117,0.0135888,0.0123683,0.0467769,0.0401701,0.0375725,0.25676,0.822909,0.387224,0.0527883,0.428571,0.558688,0.634831,0
0.0278766,0.0278632,0.023792,0.135055,0.055689,0.0486123,0.00268306,0.26233,0.118798,0.0121775,0.00888488,0.44277,0.0357298,0.0210312,0.428571,0.461504,0.7237,0
0.116251,0.19301,0.189532,0.15996,0.235877,0.199688,0.054806,0.514607,0.345365,0.151705,0.00199588,0.329977,0.0113127,0.0672177,0.00357143,0.440235,0.687247,0
0.160142,0.0127146,0.0164159,0.177898,0.234826,0.209411,0.00512597,0.00902653,0.0461344,0.0537978,0.061486,0.86521,0.0408522,0.203566,0.428571,0.559847,0.492657,0
0.0266904,0.0146707,0.00747854,0.0986154,0.0153534,0.0139955,0.00216315,0.20834,0.0693823,0.0147176,0.00907803,0.458526,0.105818,0.042039,0.643,0.46459,0.721119,0
0.129893,0.0890238,0.0797132,0.108403,0.0971492,0.0800371,0.0165938,0.308428,0.345272,0.225416,0.040497,0.744035,0.0706948,0.044893,0.00357143,0.523836,0.724804,0
0.024911,0.0200726,0.0115137,0.0872205,0.0103628,0.0098528,0.00804917,0.205074,0.0614533,0.011104,0.0305176,0.474164,0.112591,0.0117583,0.643,0.467683,0.718476,0
0.150652,0.043505,0.0288219,0.0832651,0.0712113,0.0484305,0.00885816,0.176499,0.156219,0.0265325,0.100888,0.769951,0.102485,0.133782,0.00357143,0.544112,0.697188,0
0.190985,0.0431506,0.0332507,0.0803178,0.0704005,0.0436131,0.0208002,0.168383,0.14644,0.0445331,0.100953,0.780106,0.0145566,0.25046,0.00357143,0.54991,0.689468,0
0.113286,0.00909637,0.00818288,0.0555188,0.01091,0.00814351,0.00779935,0.0137016,0.00876866,0.0202559,0.248777,0.831158,0.256255,0.0475751,0.00378571,0.586835,0.640246,0
0.0765125,0.176271,0.164555,0.238435,0.206067,0.177474,0.0858579,0.487106,0.308844,0.22124,0.00141643,0.34731,0.00910856,0.0148727,0.428571,0.447483,0.689963,0
0.126928,0.111827,0.102788,0.117046,0.12543,0.102367,0.0513334,0.342195,0.346452,0.255664,0.0175766,0.742926,0.0705625,0.241482,0.00357143,0.538139,0.740575,0
0.118031,0.063436,0.0519118,0.127592,0.0954988,0.0627897,0.00134153,0.194807,0.172954,0.0703968,0.060649,0.76767,0.0402487,0.0984026,0.428571,0.559975,0.712942,0
0.0640569,0.0895012,0.0880516,0.149349,0.0870344,0.0843627,0.018791,0.3445,0.165508,0.15106,0.00225341,0.412559,0.0349276,0.0423657,0.00428571,0.465254,0.684373,0
0.160735,0.0444038,0.0221054,0.0931757,0.158611,0.149755,0.0392314,0.00047247,0.0271266,0.053759,0.061164,0.855248,0.0406253,0.16417,0.00357143,0.614384,0.548979,0
0.0219454,0.0514364,0.0235364,0.0121992,0.0154902,0.0119182,0.0116489,0.220218,0.0387508,0.0480948,0.0126191,0.459784,0.0518318,0.0262862,0.428571,0.47575,0.737614,1
0.190985,0.0564334,0.0355011,0.119272,0.0442311,0.0379958,0.0197893,0.106835,0.0959693,0.0958555,0.025367,0.796437,0.0149324,0.128035,0.00357143,0.582502,0.688427,0
0.174377,0.078564,0.0657492,0.16304,0.114296,0.0780113,0.0239755,0.217378,0.195483,0.0900731,0.0604558,0.76767,0.0400793,0.124192,0.00357143,0.559975,0.712942,0
0.163108,0.0285617,0.026768,0.0993697,0.0222427,0.0205814,0.0191984,0.0304917,0.0545702,0.0148444,0.241759,0.813234,0.147448,0.146022,0.00357143,0.599071,0.669563,0
0.0213523,0.0559611,0.0169381,0.00592775,0.0117821,0.0104239,0.0170538,0.213381,0.0300523,0.034231,0.0126191,0.475292,0.0490497,0.0283098,0.428571,0.479311,0.735539,1
0.168446,0.0609364,0.0377456,0.126062,0.045902,0.0405573,0.0148541,0.1025,0.0938287,0.091393,0.238411,0.796437,0.245493,0.0814115,0.00357143,0.582502,0.688427,0
0.173191,0.0279968,0.0174114,0.140822,0.128148,0.0912779,0.0208261,0.00553012,0.039151,0.0477863,0.0612928,0.851738,0.0406371,0.0984026,0.642857,0.625767,0.59037,0
0.024911,0.0579983,0.0228755,0.0238955,0.0246033,0.0211088,0.00169691,0.232905,0.0487601,0.0458648,0.00811228,0.459784,0.0330005,0.0484358,0.643,0.47575,0.737614,0
0.11981,0.134453,0.110001,0.193855,0.144053,0.129489,0.0841685,0.415543,0.232384,0.222934,0.00148081,0.380587,0.00956887,0.0315395,0.00428571,0.458416,0.690262,0
0.144128,0.0408971,0.0219274,0.117899,0.0457766,0.0402156,0.045533,0.0302418,0.00273516,0.0595247,0.0617435,0.828309,0.0410043,0.0814115,0.00357143,0.610458,0.65867,0
0.182681,0.0426971,0.0274374,0.126323,0.0502976,0.0420253,0.050156,0.0381064,0.00880413,0.067817,0.0617435,0.828309,0.0410043,0.211737,0.00357143,0.610458,0.65867,0
0.0610913,0.104044,0.077468,0.189193,0.0979509,0.0935043,0.0224881,0.359282,0.174661,0.185775,0.00347669,0.412559,0.00983702,0.05871,0.00428571,0.465254,0.684373,0
0.140569,0.0681328,0.0200752,0.17065,0.0432413,0.0332829,0.0059995,0.0129046,0.0151535,0.0588596,0.0625805,0.841601,0.040812,0.0974298,0.00357143,0.61983,0.638062,0
0.182681,0.0698808,0.0460819,0.153006,0.141898,0.171575,0.0236124,0.0104905,0.0186235,0.101854,0.0610353,0.852586,0.0405047,0.111952,0.00357143,0.636076,0.562804,0
0.0788849,0.110661,0.0779257,0.198465,0.105692,0.0996315,0.035234,0.368779,0.18317,0.199239,0.0015452,0.413327,0.0343778,0.0634349,0.00428571,0.470148,0.691758,0
0.218268,0.0802696,0.0837393,0.258154,0.181116,0.229889,0.0931547,0.0344644,0.0365741,0.16637,0.0245944,0.860423,0.0144155,0.100725,0.00357143,0.607681,0.548746,0
0.201068,0.0492075,0.0317181,0.190115,0.116777,0.0831442,0.0530303,0.0128352,0.0132749,0.0733184,0.0610353,0.855629,0.0404921,0.0262862,0.00357143,0.650509,0.617877,0
0.0877817,0.115001,0.0754456,0.21008,0.109657,0.102778,0.0441931,0.373373,0.186674,0.209256,0.0015452,0.413327,0.00971039,0.0713744,0.00428571,0.470148,0.691758,0
0.167853,0.0540905,0.029425,0.151785,0.0540676,0.0531101,0.0529352,0.0382701,0.00203867,0.0522262,0.061486,0.825299,0.0408459,0.243649,0.00357143,0.634084,0.674161,0
0.163701,0.0600827,0.0473802,0.150788,0.129007,0.15787,0.0011999,0.0145855,0.0124008,0.106483,0.0609065,0.852586,0.0404795,0.230226,0.642857,0.636076,0.562804,0
0.0320285,0.0776609,0.0268348,0.0877462,0.0356067,0.0478318,0.00833477,0.274053,0.0874707,0.0660338,0.00894927,0.444797,0.027078,0.0268065,0.643,0.477523,0.747686,0
0.190985,0.0708696,0.0518399,0.164278,0.131866,0.170078,0.00782239,0.017735,0.00663743,0.114312,0.0708859,0.852586,0.0407805,0.150339,0.00357143,0.636076,0.562804,0
0.177936,0.090259,0.0447936,0.263204,0.0857705,0.0619892,0.0857572,0.0145548,0.0147152,0.0987474,0.0615503,0.850236,0.0145581,0.0944496,0.00357143,0.649852,0.630257,0
0.0314353,0.0869489,0.0182578,0.0965636,0.0340589,0.0538401,0.0095992,0.278192,0.0920579,0.0630851,0.00695339,0.460362,0.0294206,0.0189579,0.643,0.481274,0.745951,0
0.18446,0.0943692,0.0532069,0.289733,0.100782,0.0742854,0.0936095,0.0171982,0.00288312,0.118244,0.0615503,0.846932,0.0408885,0.176536,0.00357143,0.674494,0.645243,0
0.133452,0.0822752,0.0283804,0.152832,0.0157695,0.0476461,0.0047996,0.0165365,0.0128372,0.0123305,0.0720448,0.822135,0.0484072,0.0423657,0.643,0.657669,0.689667,0
0.235469,0.115127,0.107386,0.206233,0.148392,0.235327,0.0357814,0.0407011,0.00866135,0.220031,0.0244656,0.857754,0.0143761,0.158259,0.00357143,0.626709,0.561919,0
0.0895611,0.180339,0.123503,0.0798177,0.153024,0.167504,0.0204071,0.396713,0.371181,0.320711,0,0.739128,0,0.2121,0.00357143,0.54249,0.787867,0
0.206999,0.0953253,0.0860075,0.240315,0.0918198,0.181758,0.0496366,0.00755952,0.0218147,0.153852,0.0608421,0.849817,0.0402707,0.117952,0.00357143,0.658023,0.606982,0
0.181495,0.101089,0.00682222,0.243969,0.0337434,0.0281779,0.00299975,0.00133635,0.0132749,0.0258324,0.0617435,0.828896,0.019542,0.135772,0.00357143,0.663668,0.679431,0
0.0338078,0.116302,0.0147388,0.122931,0.0485787,0.0673421,0.0158391,0.284325,0.110131,0.0546619,0.00856297,0.460908,0.0258571,0.0235125,0.00435714,0.486746,0.754317,0
0.0172005,0.133415,0.0591664,0.0874069,0.080039,0.0643094,0.0174914,0.221589,0.10506,0.0479734,0.0061164,0.50657,0.0259584,0.0469924,0.643,0.498993,0.809076,1
0.0154211,0.137917,0.0640177,0.0980927,0.0855913,0.0662416,0.00948604,0.222518,0.111336,0.0577018,0.0061164,0.506854,0.0259249,0.038261,0.428571,0.505131,0.820086,1
0.198695,0.0856878,0.0779431,0.250705,0.0708661,0.148365,0.0386444,0.00343964,0.0252746,0.0877612,0.060649,0.846298,0.0402558,0.132167,0.00357143,0.694017,0.6488,0
0.122183,0.16628,0.0672889,0.325993,0.163935,0.147282,0.127801,0.437632,0.245323,0.268,0.00141643,0.399031,0.00924338,0.18994,0.00357143,0.475789,0.708893,0
0.142349,0.0974481,0.00670058,0.0774787,0.0495162,0.0657762,0,0.0562418,0.0514981,0.0995059,0.0474504,0.804161,0.0307727,0.0802269,0.00428571,0.662241,0.717043,0
0.215302,0.119926,0.0458799,0.323613,0.0768476,0.0656585,0.0655293,0.0124288,0.0100393,0.0684802,0.00444244,0.843471,0.00864511,0.145931,0.00357143,0.699352,0.660216,0
0.0765125,0.152646,0.0360757,0.281476,0.131091,0.128253,0.0638771,0.399644,0.209373,0.198254,0.00206026,0.414795,0.0115942,0.0223064,0.00428571,0.479787,0.706713,0
0.166074,0.190729,0.0999763,0.123126,0.123725,0.185552,0.0608439,0.360993,0.350974,0.315997,0.0221478,0.74629,0.0125648,0.0961642,0.00357143,0.565045,0.799343,0
0.192171,0.127531,0.0193262,0.305732,0.0417936,0.0379577,0.05604,0.00671506,0.0377154,0.0690617,0.00527942,0.837834,0.0103468,0.119204,0.00357143,0.69713,0.672353,0
0.21293,0.119125,0.0117754,0.11166,0.0859061,0.0828209,0.0307851,0.0776722,0.0889676,0.148742,0.0268478,0.796187,0.0160199,0.0763818,0.00357143,0.652859,0.726838,0
0.0474496,0.14555,0.00306365,0.225127,0.0995906,0.110089,0.0123099,0.356867,0.174197,0.1096,0.0084342,0.430456,0.0344412,0.0148727,0.00428571,0.483846,0.704587,0
0.233096,0.131788,0.111403,0.151212,0.102568,0.234197,0.0174089,0.00574785,0.00611601,0.166366,0.0603914,0.849312,0.0188801,0.0798851,0.00357143,0.679086,0.603881,0
0.195136,0.133763,0.0382612,0.384883,0.0474299,0.0726699,0.0288038,0.00908815,0.0437745,0.0124147,0.0145506,0.839863,0.0236632,0.119431,0.00357143,0.724393,0.675134,0
0.186833,0.136941,0.00473802,0.152559,0.106898,0.0929608,0.0385512,0.090128,0.111607,0.187116,0.0596189,0.784608,0.0394765,0.126448,0.00357143,0.661554,0.751847,0
0.0664294,0.157642,0.0249028,0.227775,0.105159,0.112869,0.0563442,0.353229,0.17907,0.0664519,0.00148081,0.446571,0.0117707,0.0484358,0.00428571,0.493094,0.771934,0
0.0610913,0.169465,0.0776695,0.183328,0.112469,0.105223,0.0216814,0.298831,0.167004,0.0697518,0.0015452,0.492199,0.00989063,0.136951,0.00357143,0.50654,0.830396,0
0.193357,0.144439,0.0225432,0.225961,0.0111082,0.0146771,0.0108158,0.0170089,0.046285,0.0633487,0.0614216,0.81538,0.113802,0.109999,0.428571,0.7045,0.715563,0
0.228351,0.149998,0.0357307,0.218331,0.0232032,0.0292816,0.0304796,0.0026727,0.0567359,0.0950175,0.0602627,0.804796,0.0160199,0.173535,0.428571,0.715592,0.741765,0
0.24911,0.172872,0.00710022,0.2416,0.145115,0.135281,0.0505812,0.156085,0.18013,0.268106,0.0260108,0.772649,0.01541,0.0682307,0.00357143,0.668643,0.796142,0
0.18446,0.183061,0.0185209,0.286209,0.154217,0.159053,0.0474302,0.193439,0.215657,0.307215,0.0587175,0.778986,0.0390196,0.216753,0.428571,0.651343,0.803223,0
0.160142,0.162218,0.00219957,0.299441,0.0167885,0.0192504,0.0212792,0.0026727,0.0250848,0.0407426,0.0599408,0.818422,0.0314898,0.0984026,0.643,0.735697,0.725352,0
0.0551601,0.191037,0.100613,0.152588,0.140053,0.124566,0.0620767,0.31306,0.195858,0.10378,0.0015452,0.492508,0.00979975,0.038261,0.00392857,0.512254,0.840952,0
0.196323,0.222301,0.0234644,0.197819,0.0831002,0.20857,0.0424949,0.27812,0.299862,0.414447,0.0216971,0.763756,0.0146269,0.121558,0.00357143,0.64113,0.831053,0
0.26987,0.191583,0.0424021,0.280547,0.0869734,0.108157,0.0254537,0.119912,0.159009,0.262633,0.0585887,0.7779,0.0387635,0.146842,0.00357143,0.699064,0.803936,0
0.243179,0.136675,0.101989,0.138385,0.142754,0.196172,0.00216315,0.0287392,0.0542915,0.172921,0.0119109,0.855834,0.00679699,0.109999,0.428571,0.645382,0.558472,0
0.0332147,0.241226,0.160772,0.0284376,0.206756,0.159219,0.0963756,0.340599,0.264224,0.209896,0.0084342,0.522082,0.00976624,0.119431,0.428571,0.528257,0.853753,0
0.228351,0.207112,0.0387449,0.316091,0.0997738,0.122731,0.0299555,0.142834,0.183041,0.292099,0.0585243,0.774374,0.0149704,0.0897122,0.00357143,0.716865,0.819064,0
0.272242,0.129877,0.0373383,0.323206,0.0712419,0.124538,0.0727129,0.033174,0.0244641,0.149701,0.0117821,0.826248,0.0231183,0.170862,0.00357143,0.800274,0.731337,0
0.183274,0.236593,0.00167514,0.241541,0.103248,0.197674,0.0035997,0.256414,0.283562,0.42285,0.0215684,0.76828,0.0122244,0.0798851,0.00357143,0.6692,0.84027,0
0.183867,0.207428,0.0648788,0.239167,0.0244163,0.0763704,0.00216315,0.088886,0.121824,0.172029,0.0586531,0.797403,0.0387974,0.0336566,0.428571,0.75829,0.772721,0
0.154804,0.263217,0.00219957,0.147081,0.0507211,0.241125,0.0312032,0.324478,0.348456,0.496622,0.0210533,0.754748,0.0118431,0.121891,0.00357143,0.641539,0.85138,0
0.231317,0.0556001,0.0330038,0.132846,0.046251,0.180723,0.0103219,0.00616026,0.00407734,0.0190587,0.00347669,0.842885,0.0235413,0.0423657,0.428571,0.721327,0.624126,0
0.376038,0.171874,0.130916,0.297436,0.201683,0.178356,0.0493165,0.0314539,0.0371044,0.191915,0.00341231,0.861051,0.006747,0.184086,0.00357143,0.614802,0.530035,0
0.298932,0.165607,0.118521,0.264904,0.181512,0.172087,0.0191703,0.00983147,0.0138869,0.20051,0.00341231,0.858202,0.00670301,0.447588,0.428571,0.627314,0.539559,0
0.225386,0.0712868,0.01651,0.334433,0.0717811,0.181073,0.0143988,0.0127217,0.0401494,0.103156,0.0118465,0.832722,0.0231023,0.144553,0.428571,0.804095,0.701831,0
0.0361803,0.279953,0.119041,0.0704504,0.271242,0.245285,0.0723978,0.565159,0.379253,0.133998,0.00122328,0.387243,0.00869147,0.0704073,0.00392857,0.492992,0.746222,0
0.0314353,0.282756,0.122635,0.069069,0.275856,0.248995,0.0811886,0.571689,0.384814,0.137992,0.00180273,0.387243,0.00859465,0.0540761,0.00428571,0.492992,0.746222,0
0.217082,0.28165,0.0167976,0.0988274,0.0284257,0.26562,0.0433461,0.363003,0.385528,0.529287,0.0207958,0.745568,0.0141006,0.0371636,0.00357143,0.640214,0.870643,0
0.019573,0.284574,0.122869,0.0570792,0.275489,0.248509,0.0611949,0.568978,0.384229,0.119254,0.00122328,0.387243,0.00864976,0.0433308,0.00428571,0.492992,0.746222,0
0.208185,0.291297,0.024592,0.0781196,0.0279091,0.276183,0.0357965,0.379737,0.40186,0.547621,0.0207314,0.745568,0,0.0495601,0.00357143,0.640214,0.870643,0
0.30427,0.152777,0.110295,0.287923,0.182594,0.159703,0.00983991,0.00380918,0.031229,0.170849,0.00573011,0.858202,0.0112021,0.196854,0.428571,0.627314,0.539559,0
0.329181,0.132849,0.0863695,0.222295,0.137033,0.152042,0.051365,0.0400709,0.0408651,0.15973,0.00341231,0.849805,0.00664453,0.112915,0.00364286,0.675193,0.579487,0
0.298932,0.1369,0.0768334,0.237737,0.101451,0.135623,0.126964,0.0422405,0.0654363,0.225714,0.00321916,0.822841,0.00639111,0.0520002,0.00357143,0.825694,0.744664,0
0.236062,0.0337745,0.00649526,0.197944,0.0148769,0.160963,0.0145109,0.00769126,0.0227976,0.0386653,0.012104,0.836739,0.0235703,0.0853454,0.428571,0.758309,0.653023,0
0.244365,0.262317,0.0594235,0.32366,0.154291,0.173765,0.0107322,0.223938,0.265486,0.3966,0.057623,0.758742,0.0379748,0.139949,0.00392857,0.728969,0.85586,0
0.23191,0.249591,0.104107,0.232751,0.089898,0.130117,0.0434664,0.163756,0.205537,0.29007,0.0215684,0.782431,0.0122843,0.042039,0.428571,0.781843,0.832204,0
0.314353,0.161039,0.136724,0.399534,0.207262,0.167837,0.0626366,0.00094494,0.0493089,0.123684,0.00347669,0.865553,0.0067625,0.0704073,0.428571,0.586566,0.506138,0
0.253262,0.0257284,0.0189138,0.310438,0.0462573,0.174647,0.053436,0.00992187,0.00995615,0.140518,0.0117821,0.832231,0.0230869,0.113154,0.00357143,0.81225,0.698058,0
0.23962,0.0176103,0.0164513,0.296026,0.0333618,0.16304,0.0379489,0.0108771,0.00969173,0.120898,0.0117821,0.830649,0.00810126,0.141186,0.00357143,0.795571,0.681487,0
0.282918,0.087257,0.0646674,0.325106,0.122636,0.192423,0.0331333,0.045888,0.0137138,0.209435,0.00399176,0.822362,0.00785233,0.112314,0.00357143,0.864055,0.74107,0
0.0415184,0.31201,0.157728,0.0749049,0.291766,0.256617,0.0677519,0.55239,0.39731,0.0205114,0.00122328,0.449684,0.00870785,0.101129,0.00357143,0.521896,0.758199,0
0.45433,0.203094,0.197462,0.613744,0.250972,0.207024,0.186545,0.107849,0.108746,0.141821,0.00347669,0.882278,0.00677649,0.0829091,0.428571,0.510948,0.453827,0
0.00711744,0.327887,0.166605,0.0170867,0.316231,0.278087,0.0339383,0.597338,0.429717,0.0328651,0.00180273,0.419521,0.00617603,0.00743685,1,0.511126,0.758958,0
0.320285,0.0603305,0.0577487,0.39551,0.0783031,0.160174,0.0296353,0.0367556,0.0360937,0.193649,0.00399176,0.824754,0.00778084,0.0891018,0.00357143,0.855245,0.720197,0
0.298339,0.0675943,0.0363362,0.348063,0.0763394,0.104021,0.0126132,0.0252937,0.00912861,0.0942384,0.0117177,0.826557,0.0079998,0.129704,0.428571,0.815615,0.685191,0
0.256228,0.0642905,0.0466745,0.358173,0.0666767,0.110176,0.00779935,0.019186,0.00599591,0.110623,0.00405614,0.826557,0.0228979,0.156489,0.428571,0.815615,0.685191,0
0.348754,0.0691722,0.0374651,0.38514,0.0912834,0.078307,0.0196157,0.0377976,0.0406611,0.0805313,0.0117821,0.844461,0.0230339,0.167356,0.00364286,0.693919,0.586648,0
0.0172005,0.402988,0.243215,0.0498082,0.423129,0.364865,0.0718839,0.749754,0.560618,0.139653,0,0.344053,0,0.061231,0.00357143,0.492956,0.773887,0
0.250297,0.0455669,0.00626009,0.412948,0.0517731,0.0517853,0.00323083,0.0199335,0.02799,0.00129082,0.00412053,0.832865,0.0064441,0.295076,0.642857,0.758949,0.636421,0
0.303084,0.115693,0.114285,0.413776,0.0597467,0.157211,0.0465957,0.102321,0.0924398,0.286772,0.00309039,0.81415,0.00603371,0.0741988,0.428571,0.909442,0.75701,0
0.00355872,0.396321,0.233839,0.0726567,0.403009,0.347018,0.0108158,0.706726,0.53413,0.00532217,0,0.391299,0,0.00525871,1,0.511848,0.779834,0
0.465599,0.0642183,0.0544046,0.555745,0.0732291,0.0696743,0.0908206,0.0139519,0.018461,0.0106834,0.0139712,0.839619,0.0227819,0.137731,0.428571,0.694982,0.585978,0
0.00652432,0.40499,0.248903,0.00662742,0.40645,0.346666,0.142937,0.687216,0.533796,0.140589,0,0.437047,0,0,1,0.532567,0.787473,1
0.331554,0.0375817,0.035774,0.52366,0.0173721,0.0163452,0.0158391,0.00467722,0.0176083,0.0517817,0.0124903,0.825913,0.00804681,0.154526,0.00428571,0.782093,0.651765,0
0.318505,0.0445801,0.0156185,0.593082,0.0313934,0.0442321,0.0496366,0.000668174,0.00101934,0.0379036,0.011589,0.831201,0.00612419,0.0568054,0.428571,0.73383,0.614438,0
0.418743,0.0830667,0.0647205,0.491196,0.070149,0.056488,0.0011999,0.0502243,0.09136,0.149004,0.00302601,0.811762,0.00593924,0.0484358,0.428571,0.853797,0.706616,0
0.339265,0.0731779,0.0346277,0.527208,0.06229,0.045383,0.00216315,0.0400291,0.088518,0.123212,0.0114602,0.818859,0.0224315,0.216812,0.00428571,0.800897,0.664423,0
0.228351,0.47458,0.123899,0.12128,0.0719087,0.367761,0.100463,0.533339,0.566635,0.8016,0.0187999,0.703393,0.010179,0.0117583,0.00357143,0.74818,0.970183,0
0.358244,0.071938,0.0103403,0.613801,0.0576053,0.0484258,0.0476536,0.0490209,0.047438,0.0584442,0.0115246,0.824427,0.0224585,0.146022,0.00357143,0.74847,0.624327,0
0.144721,0.470865,0.178879,0.00419155,0.126177,0.375839,0.17893,0.536301,0.57144,0.813757,0,0.715834,0.0101869,0.0315395,0.00357143,0.789333,0.967965,0
0.0029656,0.534706,0.373166,0.0418476,0.572326,0.479852,0.0504315,0.908113,0.735536,0.0154898,0.00135205,0.380752,0.00899183,0.044893,1,0.521828,0.808917,0
0.30605,0.209837,0.135654,0.228395,0.173416,0.180905,0.195795,0.234658,0.189854,0.414577,0.00276848,0.794774,0.00539039,0.136559,0.428571,0.949653,0.795833,0
0.474496,0.396937,0.258984,0.0991954,0.246487,0.355853,0.330683,0.464786,0.48416,0.767723,0.055112,0.74402,0.0362769,0.104692,0.00357143,0.870701,0.934543,0
0.00474496,0.55037,0.388455,0.0167816,0.593944,0.497551,0.0156448,0.940308,0.762284,0.021013,0.00128766,0.365685,0.0379342,0.0306516,0.00357143,0.516085,0.807886,0
0.188612,0.337228,0.262157,0.0717586,0.325218,0.338456,0.431529,0.421812,0.395508,0.747235,0.0194437,0.757159,0,0.0262862,0.00357143,0.931255,0.907942,0
0.456109,0.37527,0.286222,0.0927867,0.284405,0.35383,0.372229,0.448012,0.456924,0.76206,0.0191218,0.745731,0.0104674,0.0475751,0.00371429,0.891493,0.931787,0
0.359431,0.00434103,0.00679379,0.734368,0.152395,0.132735,0.0452316,0.0937124,0.0812942,0.00204096,0.00296163,0.836237,0.00585926,0.0649325,0.00357143,0.651622,0.557245,0
0.450771,0.395014,0.270599,0.0762687,0.258586,0.361582,0.35262,0.468901,0.48354,0.779589,0.018993,0.739586,0.0362769,0.0484358,0.00371429,0.871044,0.942389,0
0.142942,0.504768,0.194437,0.0590547,0.116454,0.412717,0.155617,0.594279,0.627489,0.892984,0,0.704238,0,0.106746,0.00357143,0.772498,0.981528,0
0.199288,0.464046,0.257146,0.07597,0.208315,0.412654,0.300992,0.564975,0.583764,0.890728,0,0.722268,0,0.0891018,0.00357143,0.830405,0.968268,0
0.512456,0.100424,0.0328334,0.497645,0.175773,0.135395,0.0622128,0.163925,0.150711,0.180268,0.0113314,0.80936,0.0265898,0.183232,0.00357143,0.795404,0.65758,0
0.220047,0.333191,0.15503,0.0767684,0.31803,0.300242,0.222382,0.420369,0.369817,0.67216,0,0.773057,0,0.066396,0.00357143,0.954625,0.876779,0
0.169632,0.492744,0.303313,0.108947,0.255002,0.460617,0.369109,0.629261,0.622621,0.992969,0,0.714178,0,0.0517348,0.00357143,0.825975,0.980414,0
0.293594,0.248394,0.00725525,0.188952,0.336114,0.260691,0.00339383,0.37921,0.37268,0.496536,0.0110095,0.778653,0.0154545,0.101129,0.428571,0.862801,0.750285,0
0.2586,0.292606,0.00629861,0.121844,0.37344,0.290742,0.00189721,0.425589,0.426513,0.583418,0.0108808,0.77305,0.0212824,0.0932884,0.00357143,0.885579,0.794222,0
0.263345,0.335956,0.00897792,0.0838618,0.4227,0.331587,0.0512913,0.488701,0.478849,0.674725,0,0.765221,0,0.122333,0.428571,0.885218,0.835107,0
0.265125,0.328338,0.004666,0.0601944,0.420688,0.328168,0.0622851,0.484352,0.479118,0.660847,0,0.767687,0,0.0535647,0.428571,0.879081,0.815002,0
0.402135,0.296302,0.124518,0.234925,0.451735,0.35104,0.00509074,0.499931,0.473125,0.563335,0.0023178,0.776104,0.00459861,0.13053,0.642857,0.767059,0.693764,0
0.361803,0.329383,0.139796,0.161662,0.48951,0.380898,0.00349828,0.549563,0.521113,0.625697,0.00225341,0.770419,0.00442566,0.163201,0.642857,0.764115,0.714466,0
0.560498,0.452553,0.329589,0.0463251,0.69869,0.556101,0.575108,0.624022,0.738001,0.67632,0.0106876,0.833869,0.00583439,0.0410433,0.500214,0.357133,0.37863,0
0.558719,0.463664,0.34004,0.0222029,0.712575,0.567092,0.594049,0.63695,0.754509,0.696517,0.0106232,0.833869,0.020791,0.0630004,0.500214,0.357133,0.37863,0
0.536773,0.457912,0.341638,0.0422654,0.701925,0.557519,0.542515,0.654864,0.743741,0.700484,0.0106876,0.823784,0.020812,0.0262862,0.500214,0.373727,0.397842,0
0.542112,0.457666,0.355958,0.0647639,0.69378,0.54892,0.455283,0.69939,0.738458,0.727555,0.00199588,0.797586,0.0204411,0.0475751,0.00428571,0.461531,0.469579,0
0.545077,0.462509,0.36372,0.048929,0.697967,0.551767,0.443582,0.714458,0.744505,0.743244,0.0104945,0.797586,0.0203726,0.0814115,0.00428571,0.461531,0.469579,0
0.756821,0.524416,0.430973,0.136219,0.611635,0.715047,0.797699,0.412622,0.469359,0.587401,0.00212465,0.960338,0.0039378,0.0283098,0.5,0.0313379,0.0364865,0
0.749703,0.527041,0.43306,0.128418,0.612759,0.716371,0.801785,0.417416,0.474214,0.59381,0.00212465,0.944821,0.00386696,0.0262862,0.3615,0.0567894,0.0633708,0
0.755635,0.530326,0.438206,0.142556,0.604342,0.7231,0.805248,0.407011,0.465478,0.578974,0.00212465,0.960338,0.00388427,0.0223064,0.3615,0.0313379,0.0364865,0
0.76987,0.544084,0.427725,0.16579,0.574896,0.746554,0.803849,0.398914,0.461841,0.565487,0.00212465,0.973127,0.00389514,0.0484358,0.00357143,0,0,0
0.58363,0.512149,0.377595,0.124808,0.775625,0.618028,0.716675,0.672891,0.739532,0.762971,0,0.849402,0,0.05871,0.500214,0.271479,0.279872,0
0.687426,0.539928,0.427977,0.0570792,0.645376,0.697329,0.802014,0.518707,0.568048,0.733575,0.00225341,0.914022,0.0208595,0.0148727,0.500214,0.101339,0.108061,0
0.67675,0.551841,0.431264,0.0100895,0.656373,0.695614,0.817067,0.561746,0.608967,0.792497,0,0.897978,0,0.0306516,0.500214,0.119202,0.125301,0
